Year,Code,Region,Standard_domestic_meters_thousands,E7_domestic_meters_thousands,Domestic_meters_thouasands,Non_domestic_meters_thousands,All_meters_thousands,Standard_domestic_consumption_GWh,E7_domestic_consumption_GWh,Domestic_consumption_GWh,Non_domestic_consumption_GWh,All_consumption_GWh,Standard_domestic_mean_consumption_KWh,E7_domestic_mean_consumption_KWh_per_meter,Domestic_mean_consumption_KWh_per_meter,Non_domestic_mean_consumption_KWh_per_meter,All_mean_consumption_kWh_per_meter,Standard_domestic_median_consumption_kWh_per_meter,E7_domestic_median_consumption_kWh_per_meter,Domestic_median_consumption_kWh_per_meter,Non_domestic_median_consumption_kWh_per_meter,All_median_consumption_kWh_per_meter,Domestic_mean_consumption_kWh_per_household
2005,K03000001,Great Britain,,,25948.94,2446.01,28394.95,,,119424.9043,200889.4664,320314.3707,,,4602.303766,82129.45427,11280.68092,,,,,,
2005,E92000001,England,,,21929.97,2069.524,23999.494,,,101267.4406,166681.4599,267948.9005,,,4617.764666,80540.96494,11164.77291,,,,,,
2005,E12000001,North East,,,1170.117,82.182,1252.299,,,4548.256908,9348.763511,13897.02042,,,3887.010366,113756.8264,11097.20635,,,,,,
2005,E12000002,North West,,,2910.574,236.806,3147.38,,,13177.29872,23114.72753,36292.02625,,,4527.388316,97610.39639,11530.86893,,,,,,
2005,E12000003,Yorkshire and The Humber,,,2269.004,181.093,2450.097,,,9803.55054,17032.07064,26835.62118,,,4320.640484,94051.51298,10952.88112,,,,,,
2005,E12000004,East Midlands,,,1911.397,161.378,2072.775,,,8643.940705,15294.27905,23938.21975,,,4522.315723,94773.0115,11548.87518,,,,,,
2005,E12000005,West Midlands,,,2130.54,186.592,2317.132,,,10315.15396,16938.70726,27253.86122,,,4841.567846,90779.38635,11761.89411,,,,,,
2005,E12000006,East,,,2440.146,218.023,2658.169,,,12081.15933,17191.93829,29273.09763,,,4950.998561,78853.78282,11012.50433,,,,,,
2005,E12000007,London,,,3248.592,421.08,3669.672,,,13885.20594,27549.65127,41434.85721,,,4274.222782,65426.16907,11291.16096,,,,,,
2005,E12000008,South East,,,3551.823,339.902,3891.725,,,17357.61265,24399.76822,41757.38087,,,4886.958794,71784.71508,10729.78714,,,,,,
2005,E12000009,South West,,,2297.777,242.468,2540.245,,,11455.26185,15811.55415,27266.816,,,4985.367098,65210.89029,10733.93157,,,,,,
2005,W92000004,Wales,,,1316.723,128.443,1445.166,,,5655.512524,11911.63513,17567.14765,,,4295.142201,92738.68662,12155.79916,,,,,,
2005,S92000003,Scotland,,,2675.722,227.345,2903.067,,,12391.50234,17113.81955,29505.3219,,,4631.087364,75276.86799,10163.50015,,,,,,
2005,Unallocated,Unallocated,,,26.525,20.698,47.223,,,110.4488052,5182.551827,5293.000633,,,4163.951186,250389.0148,112085.2261,,,,,,
2006,K03000001,Great Britain,,,26433.816,2440.644,28874.46,,,117816.5034,200015.2753,317831.7787,,,4457.037281,81951.84359,11007.36702,,,,,,
2006,E92000001,England,,,22389.068,2080.7,24469.768,,,100011.8752,168500.0172,268511.8924,,,4466.995911,80982.36995,10973.20957,,,,,,
2006,E12000001,North East,,,1173.785,82.412,1256.197,,,4494.073764,9314.657385,13808.73115,,,3828.702671,113025.4985,10992.48856,,,,,,
2006,E12000002,North West,,,3064.163,242.567,3306.73,,,13110.64818,23354.8226,36465.47078,,,4278.704553,96281.9452,11027.65293,,,,,,
2006,E12000003,Yorkshire and The Humber,,,2272.753,179.54,2452.293,,,9564.316057,17157.17633,26721.49239,,,4208.251428,95561.85991,10896.53332,,,,,,
2006,E12000004,East Midlands,,,1927.675,161.288,2088.963,,,8510.221412,14989.14741,23499.36882,,,4414.759444,92934.05219,11249.29873,,,,,,
2006,E12000005,West Midlands,,,2324.807,200.926,2525.733,,,10436.20647,17299.68018,27735.88665,,,4489.063597,86099.75902,10981.32172,,,,,,
2006,E12000006,East,,,2456.868,217.366,2674.234,,,11973.36063,16827.18554,28800.54617,,,4873.424472,77414.06448,10769.64326,,,,,,
2006,E12000007,London,,,3267.367,415.439,3682.806,,,13700.84557,29142.52349,42843.36906,,,4193.237421,70148.74263,11633.34943,,,,,,
2006,E12000008,South East,,,3564.967,337.106,3902.073,,,17041.13131,24632.00673,41673.13803,,,4780.165232,73069.02495,10679.74331,,,,,,
2006,E12000009,South West,,,2336.683,244.056,2580.739,,,11181.07181,15782.8175,26963.88931,,,4785.018682,64668.83624,10448.12719,,,,,,
2006,W92000004,Wales,,,1328.494,125.084,1453.578,,,5599.776991,11794.25746,17394.03445,,,4215.131563,94290.69629,11966.35781,,,,,,
2006,S92000003,Scotland,,,2695.935,225.006,2920.941,,,12116.55806,17310.74638,29427.30444,,,4494.380636,76934.59897,10074.59734,,,,,,
2006,Unallocated,Unallocated,,,20.319,9.854,30.173,,,88.2931389,2410.254354,2498.547493,,,4345.348634,244596.5449,82807.39378,,,,,,
2007,K03000001,Great Britain,,,26670.293,2434.873,29105.166,,,117126.2088,192543.2577,309669.4665,,,4391.635621,79077.33081,10639.67361,,,,,,4662
2007,E92000001,England,,,22613.229,2070.839,24684.068,,,99597.76349,161666.9335,261264.697,,,4404.402551,78068.32568,10584.34521,,,,,,4627
2007,E12000001,North East,,,1184.236,81.974,1266.21,,,4429.838138,8912.31705,13342.15519,,,3740.671739,108721.2659,10537.07931,,,,,,4010
2007,E12000002,North West,,,3108.904,243.374,3352.278,,,13138.79606,22213.93866,35352.73472,,,4226.182622,91274.90473,10545.88394,,,,,,4498
2007,E12000003,Yorkshire and The Humber,,,2298.064,178.936,2477,,,9376.592434,16082.83551,25459.42794,,,4080.213795,89880.37907,10278.33183,,,,,,4294
2007,E12000004,East Midlands,,,1957.139,161.265,2118.404,,,8517.647309,14119.57977,22637.22708,,,4352.091144,87555.14072,10685.98203,,,,,,4607
2007,E12000005,West Midlands,,,2347.907,199.737,2547.644,,,10407.20893,16557.74455,26964.95348,,,4432.547342,82897.73327,10584.2706,,,,,,4677
2007,E12000006,East,,,2488.814,217.407,2706.221,,,11933.83748,16323.56238,28257.39986,,,4794.989695,75082.96595,10441.64533,,,,,,5035
2007,E12000007,London,,,3310.019,412.522,3722.541,,,13773.69572,28423.36995,42197.06567,,,4161.213491,68901.46452,11335.55431,,,,,,4293
2007,E12000008,South East,,,3581.401,332.954,3914.355,,,16980.74938,23805.83933,40786.58871,,,4741.370592,71498.88371,10419.74698,,,,,,4931
2007,E12000009,South West,,,2336.745,242.67,2579.415,,,11039.39803,15227.74629,26267.14432,,,4724.263038,62750.83976,10183.37271,,,,,,4968
2007,W92000004,Wales,,,1303.048,124.182,1427.23,,,5398.913634,11233.716,16632.62963,,,4143.296052,90461.70943,11653.78365,,,,,,4209
2007,S92000003,Scotland,,,2720.96,224.814,2945.774,,,12001.26829,16961.18147,28962.44976,,,4410.674279,75445.39695,9831.864141,,,,,,5186
2007,Unallocated,Unallocated,,,33.056,15.038,48.094,,,128.2633639,2681.426748,2809.690112,,,3880.184048,178310.0644,58420.80326,,,,,,
2008,K03000001,Great Britain,,,26805.185,2406.94,29212.125,,,112530.4945,192094.4772,304624.9717,,,4198.086843,79808.58568,10428.03191,,,,,,4437
2008,E92000001,England,,,22671.234,2045.532,24716.766,,,95416.74525,160645.6044,256062.3497,,,4208.714235,78534.87719,10359.86462,,,,,,4391
2008,E12000001,North East,,,1178.447,81.044,1259.491,,,4223.665105,8537.390193,12761.0553,,,3584.09424,105342.6558,10131.91464,,,,,,3799
2008,E12000002,North West,,,3063.101,235.172,3298.273,,,12417.12223,22151.34855,34568.47078,,,4053.774991,94192.11705,10480.77912,,,,,,4231
2008,E12000003,Yorkshire and The Humber,,,2303.828,177.55,2481.378,,,8899.500465,16350.45923,25249.9597,,,3862.918788,92089.32262,10175.78124,,,,,,4040
2008,E12000004,East Midlands,,,1957.671,157.227,2114.898,,,8095.484989,14180.39788,22275.88287,,,4135.263274,90190.60262,10532.84029,,,,,,4333
2008,E12000005,West Midlands,,,2339.073,195.774,2534.847,,,9902.674425,15946.38998,25849.0644,,,4233.5893,81453.0529,10197.48506,,,,,,4418
2008,E12000006,East,,,2494.491,213.749,2708.24,,,11321.17091,16201.27011,27522.44101,,,4538.469334,75795.7703,10162.48228,,,,,,4706
2008,E12000007,London,,,3327.063,406.307,3733.37,,,13410.03818,28403.93148,41813.96966,,,4030.593402,69907.56123,11200.06044,,,,,,4133
2008,E12000008,South East,,,3634.666,332.609,3967.275,,,16513.2827,23942.6125,40455.89521,,,4543.273771,71984.25931,10197.40129,,,,,,4745
2008,E12000009,South West,,,2372.894,246.1,2618.994,,,10633.80625,14931.8045,25565.61075,,,4481.365898,60673.72814,9761.614859,,,,,,4746
2008,W92000004,Wales,,,1338.548,122.895,1461.443,,,5307.163551,10959.98366,16267.14721,,,3964.866072,89181.68888,11130.88037,,,,,,4094
2008,S92000003,Scotland,,,2732.904,220.989,2953.893,,,11577.66503,16732.39707,28310.0621,,,4236.396533,75715.97261,9583.983611,,,,,,4964
2008,Unallocated,Unallocated,,,62.499,17.524,80.023,,,228.9206482,3756.492067,3985.412715,,,3662.788976,214362.7064,49803.34047,,,,,,
2009,K03000001,Great Britain,,,27046.86,2399.425,29446.285,,,112289.2578,182986.0585,295275.3163,,,4151.65597,76262.46226,10027.59147,,,,,,4391
2009,E92000001,England,,,22886.268,2029.499,24915.767,,,95267.40811,152077.5465,247344.9546,,,4162.644958,74933.54099,9927.246254,,,,,,4347
2009,E12000001,North East,,,1187.384,80.491,1267.875,,,4241.089505,7792.93737,12034.02687,,,3571.792701,96817.49973,9491.493148,,,,,,3792
2009,E12000002,North West,,,3117.209,233.165,3350.374,,,12511.35865,19930.39,32441.74866,,,4013.641258,85477.62316,9683.023046,,,,,,4238
2009,E12000003,Yorkshire and The Humber,,,2321.149,176.049,2497.198,,,8934.275872,15437.85561,24372.13149,,,3849.074692,87690.67483,9759.791369,,,,,,4014
2009,E12000004,East Midlands,,,1964.303,154.287,2118.59,,,8026.640774,13158.00365,21184.64442,,,4086.25389,85282.64631,9999.407353,,,,,,4253
2009,E12000005,West Midlands,,,2352.79,192.598,2545.388,,,9857.959254,14766.25353,24624.21279,,,4189.901884,76668.77919,9674.050788,,,,,,4371
2009,E12000006,East,,,2516.172,212.856,2729.028,,,11219.55787,15736.34141,26955.89928,,,4458.978905,73929.51767,9877.472596,,,,,,4611
2009,E12000007,London,,,3357.526,402.739,3760.265,,,13370.98474,27709.65733,41080.64207,,,3982.392017,68803.01469,10924.9327,,,,,,4089
2009,E12000008,South East,,,3672.145,330.881,4003.026,,,16441.79049,23305.42847,39747.21896,,,4477.434984,70434.47183,9929.29323,,,,,,4683
2009,E12000009,South West,,,2397.59,246.433,2644.023,,,10663.75095,14240.67912,24904.43007,,,4447.695792,57787.22458,9419.142749,,,,,,4710
2009,W92000004,Wales,,,1360.607,124.39,1484.997,,,5321.615969,10398.27076,15719.88673,,,3911.207255,83594.10531,10585.80369,,,,,,4069
2009,S92000003,Scotland,,,2732.079,214.034,2946.113,,,11434.82701,15631.88888,27066.71588,,,4185.393982,73034.60608,9187.263314,,,,,,4876
2009,Unallocated,Unallocated,,,67.906,31.502,99.408,,,265.4067064,4878.352352,5143.759058,,,3908.442647,154858.4963,51743.91455,,,,,,
2010,K03000001,Great Britain,,,27208.89,2382.147,29591.037,,,112855.5067,185105.7766,297961.2833,,,4147.74387,77705.43823,10069.3086,,,,,,4442.772869
2010,E92000001,England,,,23024.916,2021.404,25046.32,,,95863.01447,154420.4979,250283.5124,,,4163.446871,76392.69433,9992.825787,,,,,,4409.1049
2010,E12000001,North East,,,1192.89,79.842,1272.732,,,4250.173495,7892.340697,12142.51419,,,3562.921556,98849.48645,9540.511429,,,,,,3815.548213
2010,E12000002,North West,,,3134.206,234.598,3368.804,,,12555.00072,20777.17288,33332.1736,,,4005.799464,88565.0043,9894.364171,,,,,,4233.580576
2010,E12000003,Yorkshire and The Humber,,,2332.16,175.757,2507.917,,,8999.615595,15676.16342,24675.77902,,,3858.918597,89192.25649,9839.152978,,,,,,4104.639761
2010,E12000004,East Midlands,,,1976.299,153.505,2129.804,,,8109.448507,13075.02562,21184.47413,,,4103.351015,85176.54552,9946.677783,,,,,,4334.475646
2010,E12000005,West Midlands,,,2363.732,191.767,2555.499,,,9912.928897,15004.85648,24917.78537,,,4193.76177,78245.24802,9750.653541,,,,,,4380.166007
2010,E12000006,East,,,2534.895,212.191,2747.086,,,11360.5076,15958.033,27318.5406,,,4481.648195,75205.98421,9944.552372,,,,,,4751.354494
2010,E12000007,London,,,3377.617,399.902,3777.519,,,13468.49445,28245.42533,41713.91978,,,3987.573028,70630.86789,11042.67636,,,,,,4198.716068
2010,E12000008,South East,,,3698.604,328.421,4027.025,,,16538.23431,23458.74635,39996.98066,,,4471.480135,71428.88655,9932.141137,,,,,,4717.697881
2010,E12000009,South West,,,2414.513,245.421,2659.934,,,10668.6109,14332.73412,25001.34502,,,4418.535291,58400.60189,9399.2351,,,,,,4780.646793
2010,W92000004,Wales,,,1369.129,123.688,1492.817,,,5361.142616,10456.65767,15817.80029,,,3915.732276,84540.59952,10595.94062,,,,,,4139.447493
2010,S92000003,Scotland,,,2741.839,212.172,2954.011,,,11371.93115,16018.79804,27390.7292,,,4147.556131,75499.11412,9272.385646,,,,,,4808.732543
2010,Unallocated,Unallocated,,,73.006,24.883,97.889,,,259.418456,4209.82296,4469.241416,,,3553.38542,169184.7028,45656.21689,,,,,,
2011,K03000001,Great Britain,,,27301.241,2385.879,29687.12,,,111321.038,175039.6636,286360.7016,,,4077.508344,73364.85362,9645.957626,,,,,,4338.90715
2011,E92000001,England,,,23113.225,2027.082,25140.307,,,94647.96986,146792.271,241440.2408,,,4094.970298,72415.55644,9603.710919,,,,,,4306.835942
2011,E12000001,North East,,,1195.072,80.474,1275.546,,,4209.401683,7471.907075,11681.30876,,,3522.299647,92848.70983,9157.88906,,,,,,3745.419158
2011,E12000002,North West,,,3139.394,233.212,3372.606,,,12405.70725,18609.64133,31015.34858,,,3951.624818,79797.1002,9196.256123,,,,,,4142.826788
2011,E12000003,Yorkshire and The Humber,,,2338.249,178.213,2516.462,,,8883.637622,15239.0667,24122.70432,,,3799.269291,85510.41002,9585.960099,,,,,,4014.136637
2011,E12000004,East Midlands,,,1984.663,155.399,2140.062,,,7984.539995,12597.62382,20582.16382,,,4023.121303,81066.31201,9617.554919,,,,,,4230.919227
2011,E12000005,West Midlands,,,2371.013,192.532,2563.545,,,9747.094163,14862.30211,24609.39628,,,4110.940836,77193.93199,9599.752014,,,,,,4265.48325
2011,E12000006,East,,,2547.21,213.576,2760.786,,,11193.43515,14953.98885,26147.424,,,4394.390392,70017.17819,9471.007169,,,,,,4631.273118
2011,E12000007,London,,,3396.095,398.524,3794.619,,,13373.9108,26571.83164,39945.74244,,,3938.026116,66675.61211,10526.94419,,,,,,4112.934797
2011,E12000008,South East,,,3712.418,329.53,4041.948,,,16361.08551,22660.02555,39021.11106,,,4407.123744,68764.68166,9654.035891,,,,,,4615.568021
2011,E12000009,South West,,,2429.111,245.622,2674.733,,,10489.15769,13825.88389,24315.04158,,,4318.105548,56289.27333,9090.642535,,,,,,4643.079501
2011,W92000004,Wales,,,1374.948,123.556,1498.504,,,5287.016762,9938.764058,15225.78082,,,3845.24852,80439.34781,10160.65411,,,,,,4055.000943
2011,S92000003,Scotland,,,2746.996,211.857,2958.853,,,11150.02476,15507.81376,26657.83852,,,4058.988349,73199.44001,9009.517716,,,,,,4691.934082
2011,Unallocated,Unallocated,,,66.072,23.384,89.456,,,236.0265847,2800.814794,3036.841379,,,3572.26336,119774.8372,33947.87805,,,,,,
2012,K03000001,Great Britain,22589.851,4820.633,27410.484,2397.789,29808.273,82925.70006,27139.98915,110065.6892,180826.8443,290892.5335,3671,5630,4015,75414,9759,3060,4353,3211,8938,3296,4261.354001
2012,E92000001,England,18994.318,4224.943,23219.261,2035.792,25255.053,70136.13443,23551.2779,93687.41233,150307.1338,243994.5461,3692,5574,4035,73832,9661,3068,4309,3224,8864,3308,4233.390491
2012,E12000001,North East,1118.178,78.475,1196.653,80.822,1277.475,3699.729793,438.564367,4138.294161,7611.045373,11749.33953,3309,5589,3458,94170,9197,2870,4365,2914,9596,2979,3667.643774
2012,E12000002,North West,2889.463,254.508,3143.971,235.5,3379.471,10528.80188,1643.908195,12172.71008,20341.86746,32514.57754,3644,6459,3872,86377,9621,3120,5256,3206,10399,3293,4044.143469
2012,E12000003,Yorkshire and The Humber,2150.752,192.013,2342.765,178.868,2521.633,7591.369384,1149.063977,8740.433361,14764.78625,23505.21961,3530,5984,3731,82546,9321,2979,4680,3050,9888,3132,3928.628963
2012,E12000004,East Midlands,1226.366,766.08,1992.446,156.901,2149.347,4303.367487,3574.407413,7877.7749,12808.84544,20686.62034,3509,4666,3954,81636,9625,2965,3641,3196,10741,3286,4149.138837
2012,E12000005,West Midlands,1945.265,433.752,2379.017,193.265,2572.282,7209.900952,2389.684183,9599.585134,14755.95527,24355.54041,3706,5509,4035,76351,9468,3147,4281,3293,9618,3376,4176.314719
2012,E12000006,East,1707.315,854.313,2561.628,215.785,2777.413,6528.733191,4597.658473,11126.39167,15849.5854,26975.97707,3824,5382,4343,73451,9713,3164,4111,3419,9773,3507,4568.776499
2012,E12000007,London,2928.39,492.017,3420.407,397.869,3818.276,10642.01245,2633.34452,13275.35697,27531.51876,40806.87573,3634,5352,3881,69197,10687,2867,4245,3001,6742,3080,4042.089264
2012,E12000008,South East,2982.649,754.47,3737.119,330.432,4067.551,11927.214,4361.454023,16288.66802,22699.93777,38988.60579,3999,5781,4359,68698,9585,3257,4532,3442,8712,3524,4557.262538
2012,E12000009,South West,2045.94,399.315,2445.255,246.35,2691.605,7705.005299,2763.192747,10468.19805,13943.59207,24411.79012,3766,6920,4281,56601,9070,3130,5879,3357,7672,3447,4598.470798
2012,W92000004,Wales,1271.833,108.831,1380.664,123.893,1504.557,4457.734013,771.271259,5229.005272,10038.3081,15267.31338,3505,7087,3787,81024,10147,3012,5669,3102,8257,3193,3986.85693
2012,S92000003,Scotland,2278.38,482.753,2761.133,213.204,2974.337,8164.305562,2794.160711,10958.46627,15218.80199,26177.26827,3583,5788,3969,71381,8801,3028,4582,3159,10079,3251,4591.548973
2012,Unallocated,Unallocated,45.32,4.106,49.426,24.9,74.326,167.526047,23.279282,190.805329,5262.600433,5453.405761,3697,5670,3860,211349,73371,2827,4814,2920,9557,3302,
2013,K03000001,Great Britain,22810.786,4710.334,27521.12,2404.069,29925.189,83576.35636,24843.56909,108419.9255,181555.6511,289975.5766,3664,5274,3940,75520,9690,3080,4131,3206,8374,3285,4168.359519
2013,E92000001,England,19190.619,4129.233,23319.852,2042.654,25362.506,70753.58932,21654.48624,92408.07556,151232.2346,243640.3102,3687,5244,3963,74037,9606,3089,4109,3221,8320,3299,4145.476813
2013,E12000001,North East,1122.465,76.512,1198.977,80.63,1279.607,3711.006798,391.0505891,4102.057387,7767.127129,11869.18452,3306,5111,3421,96330,9276,2883,3991,2917,8951,2978,3618.722691
2013,E12000002,North West,2903.445,249.324,3152.769,236.44,3389.209,10497.92642,1478.830744,11976.75716,20191.03178,32167.78895,3616,5931,3799,85396,9491,3124,4810,3199,9639,3279,3961.733832
2013,E12000003,Yorkshire and The Humber,2161.091,187.346,2348.437,179.233,2527.67,7573.879462,1028.97051,8602.849972,15083.13981,23685.98978,3505,5492,3663,84154,9371,2982,4305,3040,9223,3117,3847.390576
2013,E12000004,East Midlands,1256.176,746.716,2002.892,158.666,2161.558,4429.538737,3340.825136,7770.363873,13342.46599,21112.82986,3526,4474,3880,84092,9767,3002,3540,3184,10086,3268,4063.203052
2013,E12000005,West Midlands,1963.236,424.989,2388.225,195.634,2583.859,7293.069734,2201.057668,9494.127402,14997.40265,24491.53005,3715,5179,3975,76661,9479,3181,4082,3299,9009,3377,4108.057423
2013,E12000006,East,1739.88,834.084,2573.964,216.838,2790.802,6681.88813,4274.414507,10956.30264,15799.68274,26755.98538,3840,5125,4257,72864,9587,3207,3985,3416,9250,3499,4462.932386
2013,E12000007,London,2957.339,482.584,3439.923,396.77,3836.693,10684.84201,2416.905363,13101.74737,27376.27002,40478.01739,3613,5008,3809,68998,10550,2874,4010,2989,6404,3062,3942.344542
2013,E12000008,South East,3018.505,736.462,3754.967,330.673,4085.64,12060.02433,3998.216007,16058.24034,22744.22661,38802.46695,3995,5429,4277,68782,9497,3290,4310,3441,8213,3515,4456.559419
2013,E12000009,South West,2068.482,391.216,2459.698,247.77,2707.468,7821.413704,2524.215719,10345.62942,13930.88791,24276.51733,3781,6452,4206,56225,8967,3165,5448,3362,7244,3445,4510.743559
2013,W92000004,Wales,1279.882,106.404,1386.286,124.144,1510.43,4491.982876,687.5274051,5179.510281,10366.23464,15545.74493,3510,6461,3736,83502,10292,3041,5162,3119,7688,3201,3928.125233
2013,S92000003,Scotland,2294.689,470.656,2765.345,213.756,2979.101,8170.616354,2481.987563,10652.60392,15220.29662,25872.90054,3561,5273,3852,71204,8685,3033,4159,3133,9360,3216,4437.952557
2013,Unallocated,Unallocated,45.596,4.041,49.637,23.515,73.152,160.1678079,19.5678813,179.7356892,4736.885244,4916.620933,3513,4842,3621,201441,67211,2721,3928,2780,8207,3101,
2014,K03000001,Great Britain,23089.751,4618.051,27707.802,2481.93,30189.732,84689.73951,24490.11371,109179.8532,183012.2316,292192.0848,3667.84984,5303.127599,3940.401091,73737.86995,9678.525294,3064.4,4064.5,3178.5,8693.3,3261,4162.326696
2014,E92000001,England,19434.119,4045.901,23480.02,2101.374,25581.394,71696.76749,21263.82999,92960.59748,151176.2298,244136.8273,3689.221389,5255.647628,3959.136214,71941.6105,9543.531025,3072.5,4039.6,3191.4,8638.7,3272.6,4133.781098
2014,E12000001,North East,1131.715,74.952,1206.667,83.706,1290.373,3718.934955,382.7836087,4101.718563,7864.750785,11966.46935,3286.105561,5107.049961,3399.21334,93956.83446,9273.651377,2858,3894.3,2888.1,9207.4,2951.7,3600.541227
2014,E12000002,North West,2926.06,244.811,3170.871,244.407,3415.278,10568.22349,1463.684179,12031.90767,20117.47544,32149.3831,3611.758982,5978.833381,3794.511876,82311.37176,9413.401516,3106.2,4779.9,3175.4,9816.9,3256.6,3957.583168
2014,E12000003,Yorkshire and The Humber,2178.17,183.743,2361.913,184.946,2546.859,7638.183012,1011.009932,8649.192944,15159.0727,23808.26565,3506.697371,5502.304479,3661.943917,81964.85841,9348.08941,2973,4241.7,3025.1,9576.55,3104.9,3847.735116
2014,E12000004,East Midlands,1288.499,728.917,2017.416,163.958,2181.374,4562.63048,3227.793401,7790.423882,13333.56555,21123.98943,3541.04309,4428.20431,3861.585256,81323.05561,9683.799951,2993.3,3439,3137.5,10421.2,3225.8,4036.208824
2014,E12000005,West Midlands,1985.356,416.856,2402.212,201.561,2603.773,7388.271362,2155.865661,9544.137022,15047.83361,24591.97064,3721.383652,5171.727553,3973.061921,74656.47429,9444.744468,3168.1,3972.1,3270.7,9419.3,3353.4,4100.497269
2014,E12000006,East,1777.431,814.489,2591.92,224.132,2816.052,6870.962442,4185.522626,11056.48507,16065.22863,27121.7137,3865.670421,5138.8326,4265.750898,71677.53213,9631.112528,3197.1,3910.3,3382.2,9575.1,3468.9,4454.574308
2014,E12000007,London,2993.793,475.242,3469.035,404.202,3873.237,10835.58063,2390.748016,13226.32865,26763.00005,39989.3287,3619.348643,5030.590764,3812.682388,66211.94366,10324.52409,2862.2,3987.65,2970.5,6723.5,3048.9,3928.007713
2014,E12000008,South East,3059.829,721.569,3781.398,339.57,4120.968,12226.71868,3938.079541,16164.79822,22778.56644,38943.36466,3995.883,5457.661763,4274.820642,67080.62089,9450.052672,3263.1,4269.3,3404.8,8621.05,3483.5,4442.280879
2014,E12000009,South West,2093.266,385.322,2478.588,254.892,2733.48,7887.262439,2508.343029,10395.60547,14046.73661,24442.34208,3767.921726,6509.732194,4194.164366,55108.58171,8941.840466,3131,5457.9,3319.5,7456.8,3406.2,4490.588874
2014,W92000004,Wales,1288.4,104.36,1392.76,127.802,1520.562,4511.038009,678.2329832,5189.270992,10366.71993,15555.99092,3501.271351,6498.974542,3725.890313,81115.47497,10230.42199,3018.4,5113.2,3091.5,7901.6,3176,3912.175499
2014,S92000003,Scotland,2298.994,461.836,2760.83,217.505,2978.335,8247.032562,2516.034314,10763.06688,14559.3743,25322.44118,3587.235357,5447.895603,3898.48954,66938.11315,8502.21388,3032.8,4127.8,3123.1,9580.9,3209,4454.885973
2014,Unallocated,Unallocated,68.238,5.954,74.192,35.249,109.441,234.9014438,32.0164207,266.9178645,6909.907511,7176.825375,3442.384651,5377.296053,3597.66369,196031.3062,65577.11804,2719.4,4460.25,2795.4,10165,3171.1,
2015,K03000001,Great Britain (inc unallocated),23122.78,4387.596,27510.376,2365.469,29875.845,84562.95968,23783.34534,108346.305,179190.1485,287536.4535,3657.127719,5420.586885,3938.379651,75752.48227,9624.378942,3049.1,4190,3175.2,9261.4,3266.4,4099.276222
2015,K04000001,England and Wales (inc unallocated),20810.524,3983.196,24793.72,2152.881,26946.601,76341.88172,21464.91876,97806.80049,163545.8481,261352.6485,3668.426692,5388.868327,3944.821531,75966.04181,9698.909653,3055.6,4164.2,3182.2,9133.8,3272.5,4072.987567
2015,E92000001,England,19522.138,3883.685,23405.823,2016.889,25422.712,71790.16674,20802.37399,92592.54072,150262.4353,242854.976,3677.372157,5356.349443,3955.961759,74502.08479,9552.677779,3057.6,4144.1,3187.1,9189.6,3276.8,4082.351486
2015,E12000001,North East,1128.308,69.131,1197.439,80.154,1277.593,3714.243633,369.9806719,4084.224304,7834.923584,11919.14789,3291.870334,5351.877912,3410.799468,97748.37917,9329.377891,2844.8,4145,2880,9758.6,2950.4,3570.856543
2015,E12000002,North West,2918.338,235.231,3153.569,233.021,3386.59,10525.24718,1419.410901,11944.65808,20045.4933,31990.15138,3606.589498,6034.114979,3787.663464,86024.40681,9446.124681,3092.45,4836.8,3163.4,10622.4,3254.6,3902.752225
2015,E12000003,Yorkshire and The Humber,2170.613,173.867,2344.48,177.99,2522.47,7595.015842,980.258565,8575.274407,15104.86578,23680.14019,3499.018868,5637.979404,3657.644513,84863.56413,9387.67961,2955.2,4375.8,3011.75,10335.9,3101.2,3791.575855
2015,E12000004,East Midlands,1313.265,701.402,2014.667,158.8,2173.467,4653.163661,3201.07386,7854.237521,13272.58726,21126.82478,3543.20237,4563.821974,3898.528899,83580.52431,9720.333817,2992,3558.2,3170.3,10813.45,3264.8,4033.525171
2015,E12000005,West Midlands,1997.975,401.557,2399.532,194.449,2593.981,7404.440153,2112.438107,9516.87826,15368.68846,24885.56672,3705.972374,5260.618311,3966.139339,79037.1175,9593.580956,3147.7,4076.6,3262.6,10078.2,3353.3,4059.434888
2015,E12000006,East,1804.457,783.549,2588.006,215.683,2803.689,6942.404296,4113.795693,11056.19999,15620.72937,26676.92936,3847.364773,5250.208593,4272.092101,72424.48115,9514.938839,3179.8,4024.6,3388.4,9948.3,3481.9,4411.762941
2015,E12000007,London,2997.591,456.462,3454.053,384.338,3838.391,10730.35757,2321.249454,13051.60702,26662.21396,39713.82099,3579.660324,5085.30711,3778.635424,69371.78723,10346.47616,2832.5,4051.2,2947.7,7246,3036.1,3826.495799
2015,E13000001,Inner London,1324.083,137.932,1462.015,223.919,1685.934,4436.234588,730.9553251,5167.189913,16942.69314,22109.88305,3350.420319,5299.389011,3534.293364,75664.38371,13114.32301,2516,4211.35,2608.9,6725.1,2723.5,3589.602632
2015,E13000002,Outer London,1673.508,318.53,1992.038,160.419,2152.457,6294.122981,1590.294129,7884.41711,9719.520826,17603.93794,3761.03549,4992.603927,3957.965215,60588.33945,8178.53176,3091.1,3993.25,3200.1,8017.8,3267.9,3999.477067
2015,E12000008,South East,3087.358,692.546,3779.904,327.374,4107.278,12262.59922,3840.015226,16102.61445,22493.96677,38596.58122,3971.874731,5544.780023,4260.059105,68710.3031,9397.119264,3243.5,4345.7,3394.4,8983.1,3479.8,4387.069143
2015,E12000009,South West,2104.233,369.94,2474.173,245.08,2719.253,7962.695173,2444.151509,10406.84668,13858.96681,24265.81349,3784.131878,6606.886275,4206.192001,56548.74658,8923.705699,3140.2,5504.9,3328.8,7964.2,3426.1,4454.690156
2015,W92000004,Wales,1280.237,98.908,1379.145,122.245,1501.39,4518.078455,659.0634703,5177.141925,10204.38152,15381.52344,3529.095359,6663.39902,3753.877892,83474.83757,10244.8554,3030.8,5266.1,3105.4,8530.8,3201,3885.722526
2015,S92000003,Scotland (inc unallocated),2312.256,404.4,2716.656,212.588,2929.244,8221.077959,2318.426572,10539.50453,15644.30042,26183.80495,3555.435885,5733.003394,3879.587453,73589.76246,8938.758585,2991.1,4526.65,3110.6,10556.2499,3209.4,4360.453761
2015,Unallocated Great Britain,Great Britain (unallocated),11.093,0.765,11.858,17.039,28.897,42.63044,4.3318376,46.9622776,3440.688327,3487.650604,3843.003696,5662.532811,3960.387721,201930.1794,120692.4803,2345.7,4689.5,2426.85,5139,2993.5,
2015,Unallocated England and Wales,England and Wales (unallocated),8.149,0.603,8.752,13.747,22.499,33.6365341,3.4813067,37.1178408,3079.031242,3116.149083,4127.688563,5773.311278,4241.069561,223978.4129,138501.6704,2386.6,4670.9,2490.1,6662.2,3437,
2015,Unallocated Scotland,Scotland (unallocated),2.944,0.162,3.106,3.292,6.398,8.9939059,0.8505309,9.8444368,361.6570843,371.5015211,3054.995211,5250.190741,3169.490277,109859.3816,58065.25806,2251,4779.4,2317.3,595.6,1922.4,
2016,K03000001,Great Britain (inc unallocated),23457.814,4259.242,27717.056,2367.374,30084.43,83615.57002,22815.6227,106431.1927,171175.5128,277606.7055,3564.508186,5356.733122,3839.916935,72306.07113,9227.587345,2940.5,4102.3,3061.5,8720.6,3147.6,3992.713429
2016,K04000001,England and Wales (inc unallocated),21122.195,3869.803,24991.998,2154.896,27146.894,75584.16499,20633.94373,96218.10872,156361.3534,252579.4621,3578.423786,5332.03983,3849.956643,72560.97434,9304.175354,2947.5,4078.5,3069,8622.3,3154.4,3971.724931
2016,E92000001,England,19822.674,3772.71,23595.384,2018.538,25613.922,71141.85909,20002.59607,91144.45516,143570.1437,234714.5988,3588.913337,5301.917209,3862.808724,71125.80672,9163.555617,2950.5,4058.6,3074.9,8679.5,3160.1,3982.858689
2016,E12000001,North East,1137.5,66.028,1203.528,80.173,1283.701,3624.687555,346.3627991,3971.050354,7183.40616,11154.45651,3186.53851,5245.695752,3299.508075,89598.81956,8689.294871,2735.8,4040.25,2769.2,8435.9,2834.6,3448.786778
2016,E12000002,North West,2943.73,229.674,3173.404,232.933,3406.337,10267.45246,1354.262844,11621.7153,19051.98905,30673.70435,3487.905636,5896.456906,3662.223688,81791.71286,9004.894217,2969,4722.2,3036.5,9976.2,3121,3768.525813
2016,E12000003,Yorkshire and The Humber,2190.514,168.814,2359.328,178.163,2537.491,7458.633286,939.9572627,8398.590549,14305.65229,22704.24284,3404.969467,5568.005395,3559.738429,80295.30426,8947.516599,2847.8,4300.7,2902.5,9508.4,2986.8,3686.993112
2016,E12000004,East Midlands,1351.389,678.927,2030.316,158.848,2189.164,4680.686061,3049.079527,7729.765588,12816.9145,20546.68009,3463.611189,4491.027057,3807.173656,80686.65959,9385.628528,2892.7,3438.2,3056,10323.45,3145.2,3928.69861
2016,E12000005,West Midlands,2026.773,389.712,2416.485,193.898,2610.383,7335.834949,2023.894232,9359.729181,14739.04508,24098.77427,3619.4655,5193.307447,3873.282549,76014.42555,9231.892127,3041.3,3976.6,3149.9,9405.8,3236.1,3954.981702
2016,E12000006,East,1850.085,758.219,2608.304,216.215,2824.519,6988.870678,3972.649466,10961.52014,15055.94992,26017.47006,3777.594369,5239.448584,4202.546998,69634.16005,9211.29228,3085.3,3957.7,3286.9,9529,3376.7,4336.008342
2016,E12000007,London,3044.215,447.076,3491.291,385.093,3876.384,10685.02553,2261.628402,12946.65393,25756.57105,38703.22498,3509.944444,5058.711276,3708.271218,66884.02814,9984.362998,2750,3991.8,2860.8,6937.3,2945.3,3755.728655
2016,E13000001,Inner London,1344.08,136.445,1480.525,224.325,1704.85,4434.305772,723.3363781,5157.64215,16374.99326,21532.63541,3299.138274,5301.303662,3483.657588,72996.73802,12630.22284,2449,4197.7,2539.5,6469.9,2649.3,3537.363439
2016,E13000002,Outer London,1700.135,310.631,2010.766,160.768,2171.534,6250.719753,1538.292024,7789.011778,9381.577791,17170.58957,3676.602007,4952.15231,3873.654009,58354.75835,7907.124442,2993.1,3916.8,3099.5,7647.8,3164.3,3915.800009
2016,E12000008,South East,3142.974,672.033,3815.007,327.204,4142.211,12214.14357,3691.983661,15906.12723,21504.58941,37410.71664,3886.173915,5493.753523,4169.357287,65722.26931,9031.581598,3128.7,4268.4,3274.8,8569.5,3357.5,4293.391624
2016,E12000009,South West,2135.494,362.227,2497.721,246.011,2743.732,7886.525004,2362.77788,10249.30288,13156.02619,23405.32907,3693.06821,6522.920378,4103.461869,53477.38999,8530.472026,3018.8,5427.7,3201,7630,3295.7,4348.655594
2016,W92000004,Wales,1290.941,96.541,1387.482,122.58,1510.062,4407.491842,627.9789499,5035.470792,9722.387416,14757.85821,3414.169851,6504.790192,3629.21522,79314.63058,9773.014756,2905,5135.6,2976.1,7987.15,3065.3,3753.350519
2016,S92000003,Scotland (inc unallocated),2335.619,389.439,2725.058,212.478,2937.536,8031.405024,2181.678967,10213.08399,14814.15947,25027.24346,3438.662309,5602.107049,3747.84096,69720.9098,8519.808255,2879.1,4404.9,2992,9719.85,3084.6,4201.907111
2016,Unallocated Great Britain,Great Britain (unallocated),11.588,0.713,12.301,17.092,29.393,43.6407293,4.1877074,47.8284367,3416.146789,3463.975226,3766.027727,5873.362412,3888.174677,199868.1716,117850.3462,2258.45,4962.4,2338,4373.25,2783,
2016,Unallocated England and Wales,England and Wales (unallocated),8.58,0.552,9.132,13.778,22.91,34.8140612,3.368706,38.1827672,3068.822296,3107.005063,4057.58289,6102.728261,4181.205344,222733.5096,135617.8552,2297.6,4959.3,2402.7,5674.95,3179.6,
2016,Unallocated Scotland,Scotland (unallocated),3.008,0.161,3.169,3.314,6.483,8.8266681,0.8190014,9.6456695,347.3244933,356.9701628,2934.39764,5086.965217,3043.758126,104805.2183,55062.49619,2148.15,4962.4,2196,595.6,1864.1,
2017,K03000001,Great Britain (inc unallocated),23801.057,4095.845,27896.902,2402.855,30299.757,83256.70376,22117.96193,105374.6657,174287.8926,279662.5583,3498.025477,5400.097398,3777.289166,72533.67041,9229.861424,2851.2,4084.6,2967.6,8910.8,3055.8,3925.66394
2017,K04000001,England and Wales (inc unallocated),21443.071,3723.027,25166.098,2186.868,27352.966,75301.22489,20004.25967,95305.48456,159191.0592,254496.5438,3511.680994,5373.117001,3787.058469,72794.08688,9304.166274,2859.4,4057.2,2976.2,8817.3,3064.2,3906.425331
2017,E92000001,England,20133.819,3628.731,23762.55,2047.868,25810.418,70900.24818,19386.81669,90287.06487,146274.6608,236561.7256,3521.450559,5342.588549,3799.552862,71427.77795,9165.358176,2861.5,4036.6,2981.4,8872.85,3069.2,3917.485539
2017,E12000001,North East,1146.778,63.472,1210.25,81.994,1292.244,3539.759185,332.584507,3872.343692,7393.744691,11266.08838,3086.699593,5239.861782,3199.622964,90174.21629,8718.236172,2624.2,4020.95,2656.9,9190.2,2725.1,3345.633862
2017,E12000002,North West,2969.998,223.455,3193.453,235.755,3429.208,10187.64343,1339.166836,11526.81026,19280.92871,30807.73898,3430.185281,5993.004571,3609.513045,81783.75311,8983.922519,2880.4,4771.2,2947.1,10241.4,3033.1,3714.906978
2017,E12000003,Yorkshire and The Humber,2209.046,162.187,2371.233,182.081,2553.314,7397.365665,914.8313586,8312.197024,14740.52218,23052.7192,3348.669817,5640.596093,3505.432416,80955.85031,9028.548469,2765.9,4356.7,2820.3,9773.8,2906.5,3627.887205
2017,E12000004,East Midlands,1396.72,645.701,2042.421,160.974,2203.395,4776.236207,2937.580432,7713.816639,13109.43286,20823.24949,3419.608946,4549.443832,3776.800493,81438.2003,9450.529521,2823.6,3407.2,2984.3,10508.65,3075.5,3881.546436
2017,E12000005,West Midlands,2057.264,375.023,2432.287,197.21,2629.497,7301.37992,1963.338362,9264.718282,15027.38005,24292.09833,3549.072905,5235.247871,3809.056366,76199.88869,9238.306159,2944.3,3949.7,3051.7,9767.8,3140.9,3880.833746
2017,E12000006,East,1902.322,724.726,2627.048,219.241,2846.289,7046.231362,3825.111403,10871.34276,15434.24591,26305.58868,3704.016124,5278.010452,4138.235298,70398.5382,9242.065257,2987.8,3923.9,3185.8,9688.3,3278,4269.793573
2017,E12000007,London,3084.174,435.511,3519.685,387.991,3907.676,10594.94744,2208.017891,12802.96533,25761.47055,38564.43588,3435.26255,5069.947466,3637.531578,66397.08279,9868.892886,2662.9,3959.8,2771.7,6987.2,2858.7,3692.911319
2017,E13000001,Inner London,1362.167,135.061,1497.228,225.696,1722.924,4410.286684,722.4058377,5132.692522,16057.59177,21190.28429,3237.698963,5348.737516,3428.130199,71146.99317,12299.02439,2372.1,4197.9,2461.4,6485.4,2573.7,3493.421806
2017,E13000002,Outer London,1722.007,300.45,2022.457,162.295,2184.752,6184.660756,1485.612053,7670.272809,9703.878776,17374.15158,3591.542169,4944.623242,3792.551737,59791.60649,7952.459403,2897.9,3869.5,3000,7730.7,3067.2,3839.62877
2017,E12000008,South East,3201.729,645.99,3847.719,332.33,4180.049,12199.60338,3555.345198,15754.94858,22017.34767,37772.29625,3810.317295,5503.715534,4094.620366,66251.45992,9036.328582,3035.7,4226.75,3175.6,8748.7,3261.5,4224.464052
2017,E12000009,South West,2165.788,352.666,2518.454,250.292,2768.746,7857.081593,2310.840701,10167.92229,13509.58815,23677.51044,3627.81657,6552.490744,4037.366692,53975.30942,8551.709128,2928,5422.4,3099.2,7819.15,3197.9,4274.664555
2017,W92000004,Wales,1299.804,93.81,1393.614,124.577,1518.191,4363.187747,614.1758369,4977.363584,9821.470159,14798.83374,3356.80437,6547.018835,3571.551078,78838.55093,9747.675848,2830.9,5129.2,2901.6,8220.9,2984.3,3687.179097
2017,S92000003,Scotland (inc unallocated),2357.986,372.818,2730.804,215.987,2946.791,7955.478866,2113.702259,10069.18113,15096.83341,25166.01454,3373.844826,5669.528454,3687.258816,69896.95404,8540.142323,2778.5,4423.1,2887,9950.8,2978.7,4117.602536
2017,Unallocated Great Britain,Great Britain (unallocated),12.503,0.595,13.098,17.755,30.853,46.8437657,3.8681916,50.7119573,3438.091769,3488.803727,3746.602072,6501.162353,3871.732883,193640.7642,113078.2655,2207.5,5137.1,2274.9,4104.9,2672.9,
2017,Unallocated England and Wales,England and Wales (unallocated),9.448,0.486,9.934,14.423,24.357,37.7889609,3.2671426,41.0561035,3094.928265,3135.984368,3999.678334,6722.515638,4132.887407,214582.8375,128750.8465,2241,5306.2,2316.4,5311.4,3000,
2017,Unallocated Scotland,Scotland (unallocated),3.055,0.109,3.164,3.332,6.496,9.0548048,0.601049,9.6558538,343.1635046,352.8193584,2963.929558,5514.211009,3051.786915,102990.2475,54313.32488,2128,4548,2179.7,595.6,1861.25,
2018,K03000001,Great Britain (inc unallocated),24155.002,3965.915,28120.917,2438.653,30559.57,82327.90534,20850.50245,103178.4078,173831.169,277009.5768,3408.317058,5257.425449,3669.098266,71281.63336,9064.577049,2771.2,3963.9,2881.3,8303.1,2967.6,3818.452753
2018,K04000001,England and Wales (inc unallocated),21774.303,3607.615,25381.918,2221.484,27603.402,74546.24705,18904.88261,93451.12967,158907.2263,252358.3559,3423.588211,5240.27165,3681.799369,71532.01475,9142.291806,2780.8,3943.5,2891.6,8200.6,2977.6,3804.548552
2018,E92000001,England,20452.835,3515.789,23968.624,2081.258,26049.882,70202.51816,18325.52399,88528.04215,146065.1362,234593.1784,3432.410136,5212.35034,3693.497055,70181.17707,9005.537084,2782.4,3924.9,2896,8254.35,2981.8,3815.165645
2018,E12000001,North East,1157.39,60.784,1218.174,83.583,1301.757,3466.803832,306.2087959,3773.012628,7418.861839,11191.87447,2995.363561,5037.654578,3097.26905,88760.41586,8597.514334,2545.4,3812.8,2575.4,8695.6,2643.2,3238.392832
2018,E12000002,North West,3003.337,217.818,3221.155,238.733,3459.888,9970.638896,1249.753297,11220.39219,19247.96165,30468.35384,3319.853515,5737.603397,3483.344388,80625.47554,8806.167669,2785.8,4535,2847.2,9513.4,2932.1,3595.537393
2018,E12000003,Yorkshire and The Humber,2229.893,156.694,2386.587,186.91,2573.497,7270.349804,859.6035656,8129.95337,14817.43587,22947.38924,3260.40299,5485.87416,3406.518752,79275.77911,8916.812121,2691.9,4206.7,2742.1,8953.25,2829.4,3525.669174
2018,E12000004,East Midlands,1440.692,619.722,2060.414,164.509,2224.923,4818.62948,2755.767116,7574.396596,13067.68957,20642.08616,3344.663176,4446.779549,3676.152752,79434.49638,9277.663164,2755.8,3326.4,2905.7,9635.4,2996.1,3783.439451
2018,E12000005,West Midlands,2089.378,363.244,2452.622,201.868,2654.49,7231.810847,1851.121871,9082.932717,15008.99756,24091.93028,3461.226665,5096.083819,3703.35613,74350.55363,9075.916759,2872.9,3837.55,2972.9,8969.05,3060.3,3779.679512
2018,E12000006,East,1952.607,700.954,2653.561,222.379,2875.94,7060.591034,3615.255997,10675.84703,15337.23525,26013.08229,3615.981626,5157.622322,4023.215231,68968.90109,9045.071276,2908.7,3820.8,3093.6,9074.4,3182.1,4170.443349
2018,E12000007,London,3126.855,426.543,3553.398,393.204,3946.602,10493.34426,2118.380074,12611.72433,25671.48394,38283.20827,3355.878112,4966.392777,3549.201167,65287.95215,9700.296171,2591.7,3858.5,2693.9,6506.5,2778.2,3608.525465
2018,E13000001,Inner London,1380.953,133.719,1514.672,227.772,1742.444,4374.981433,700.802613,5075.784046,15935.77623,21011.56027,3168.088583,5240.860409,3351.07802,69963.7191,12058.67177,2316.5,4091.1,2402.1,6102.7,2507.8,3410.542388
2018,E13000002,Outer London,1745.902,292.824,2038.726,165.432,2204.158,6118.362822,1417.577461,7535.940284,9735.707712,17271.648,3504.413662,4841.056271,3696.39681,58850.20862,7835.939164,2815.9,3769.85,2914.7,7094.95,2980.7,3755.357773
2018,E12000008,South East,3257.576,625.419,3882.995,336.464,4219.459,12114.61329,3373.813826,15488.42712,21988.50677,37476.93389,3718.904269,5394.485659,3988.783689,65351.7368,8881.928676,2952.8,4120.3,3083,8156.05,3164.4,4126.066152
2018,E12000009,South West,2195.107,344.611,2539.718,253.608,2793.326,7775.73672,2195.619447,9971.356167,13506.96377,23478.31994,3542.304188,6371.298209,3926.166672,53259.21806,8405.148536,2852.4,5253,3014.5,7353.15,3107.8,4156.746026
2018,W92000004,Wales,1311.579,91.355,1402.934,125.706,1528.64,4304.998209,576.2548504,4881.25306,9814.072123,14695.32518,3282.301874,6307.863285,3479.317673,78071.62843,9613.332886,2759,4897.2,2822.2,7671.15,2911.3,3592.445497
2018,S92000003,Scotland (inc unallocated),2380.699,358.3,2738.999,217.169,2956.168,7781.658289,1945.61984,9727.278129,14923.94279,24651.22092,3268.644331,5430.141892,3551.398934,68720.41032,8338.910684,2687,4223.8,2785.4,9374.3,2875.2,3957.398716
2018,Unallocated Great Britain,Great Britain (unallocated),13.001,0.569,13.57,17.829,31.399,47.8535847,3.6458061,51.4993908,3352.345362,3403.844752,3680.761841,6407.392091,3795.091437,188027.6719,108406.1515,2215.2,5057,2273.85,3743.1,2592.3,
2018,Unallocated England and Wales,England and Wales (unallocated),9.889,0.471,10.36,14.52,24.88,38.7306838,3.1037702,41.834454,3028.01791,3069.852364,3916.541996,6589.745648,4038.07471,208541.1784,123386.349,2246.8,5175.2,2321.1,4821.3,2877.75,
2018,Unallocated Scotland,Scotland (unallocated),3.112,0.098,3.21,3.309,6.519,9.1229009,0.5420359,9.6649368,324.3274518,333.9923886,2931.523425,5530.978571,3010.883738,98013.73581,51233.6844,2104.4,4562.35,2129.7,595.6,1788.2,
2019,K03000001,Great Britain (inc unallocated),24535.574,3832.154,28367.728,2438.515,30806.243,83015.3831,19911.02175,102926.4048,169662.1752,272588.5801,3383.470185,5195.778078,3628.292151,69576.02279,8848.485032,2746.2,3918.8,2849.9,7939.7,2933.1,3780.277182
2019,K04000001,England and Wales (inc unallocated),22128.354,3489.126,25617.48,2221.584,27839.064,75222.12053,18069.25755,93291.37808,155220.5228,248511.9009,3399.354536,5178.734602,3641.707853,69869.30174,8926.733346,2757.3,3902.8,2862.1,7841.1,2944.8,3768.762799
2019,E92000001,England,20794.49,3399.81,24194.3,2081.122,26275.422,70865.95647,17517.17399,88383.13046,142554.7965,230937.9269,3407.919909,5152.397924,3653.055904,68499.00989,8789.123422,2759,3886,2866.5,7890.1,2948.9,3779.457136
2019,E12000001,North East,1167.944,58.694,1226.638,83.051,1309.689,3469.266146,295.1008797,3764.367026,7246.449339,11010.81637,2970.404528,5027.78614,3068.849185,87253.00525,8407.19924,2517,3788.3,2545.1,8398.8,2609.1,3212.70947
2019,E12000002,North West,3039.313,211.716,3251.029,239.018,3490.047,9987.666366,1193.738402,11181.40477,18750.15704,29931.56181,3286.159197,5638.394842,3439.343287,78446.6318,8576.263244,2750.1,4440.95,2807.9,9120.35,2890.5,3558.295011
2019,E12000003,Yorkshire and The Humber,2253.403,151.369,2404.772,186.573,2591.345,7306.36088,819.8945235,8126.255403,14562.79184,22689.04724,3242.367601,5416.528639,3379.220734,78054.12271,8755.703019,2668.8,4123,2715.9,8730.1,2798.1,3502.471351
2019,E12000004,East Midlands,1486.641,592.402,2079.043,164.524,2243.567,4933.869868,2612.529951,7546.399819,12786.34255,20332.74237,3318.803846,4410.062678,3629.746868,77717.18749,9062.685613,2730,3295.4,2869.8,9260.7,2956.1,3733.0768
2019,E12000005,West Midlands,2123.673,349.867,2473.54,202.514,2676.054,7285.443016,1755.093567,9040.536583,14557.89994,23598.43652,3430.586072,5016.459304,3654.898075,71885.89399,8818.370825,2836.6,3785.5,2930.4,8582.75,3014.9,3730.329901
2019,E12000006,East,2004.851,676.824,2681.675,223.043,2904.718,7208.845693,3457.838978,10666.68467,15039.6488,25706.33347,3595.701473,5108.918978,3977.620208,67429.36921,8849.855121,2893.3,3802.9,3067.7,8565.2,3152.3,4134.314613
2019,E12000007,London,3173.51,416.394,3589.904,392.374,3982.278,10515.78057,2037.78783,12553.5684,24997.83511,37551.40351,3313.611921,4893.893355,3496.90922,63709.20375,9429.628848,2570.2,3825.7,2668.3,6172.6,2748.9,3565.802567
2019,E13000001,Inner London,1400.145,131.71,1531.855,227.25,1759.105,4359.614516,673.5844779,5033.198994,15419.41735,20452.61634,3113.68788,5114.14834,3285.688916,67852.22156,11626.71719,2297.5,4017.05,2378.6,5796.35,2479.6,3350.53178
2019,E13000002,Outer London,1773.365,284.684,2058.049,165.124,2223.173,6156.166052,1364.203352,7520.369404,9578.417762,17098.78717,3471.460219,4791.991653,3654.125535,58007.42328,7691.163561,2792.1,3752.1,2887.6,6729.85,2951,3726.022663
2019,E12000008,South East,3318.075,606.048,3924.123,336.734,4260.857,12287.49945,3235.594665,15523.09412,21513.26999,37036.36411,3703.20124,5338.842245,3955.812322,63888.02435,8692.233537,2941.9,4081,3065.2,7742.4,3143,4104.087173
2019,E12000009,South West,2227.08,336.496,2563.576,253.291,2816.867,7871.224483,2109.59519,9980.819673,13100.40186,23081.22154,3534.324983,6269.30243,3893.319205,51720.75542,8193.933734,2835.8,5124.85,2989.2,7083.4,3078.8,4119.234906
2019,W92000004,Wales,1323.546,88.854,1412.4,125.869,1538.269,4316.412427,549.0599588,4865.472385,9750.73872,14616.21111,3261.248515,6179.349931,3444.826101,77467.35669,9501.726359,2734.6,4753.45,2793.5,7368,2878.8,3554.791848
2019,S92000003,Scotland (inc unallocated),2407.22,343.028,2750.248,216.931,2967.179,7793.262568,1841.7642,9635.026769,14441.65237,24076.67914,3237.453398,5369.136631,3503.330161,66572.56166,8114.333224,2648,4127.35,2738.1,8986.3,2824.5,3895.515083
2019,Unallocated Great Britain,Great Britain (unallocated),13.45,0.561,14.011,17.897,31.908,48.8911763,3.5640064,52.4551827,3234.389859,3286.845042,3635.031695,6352.952585,3743.857162,180722.4596,103010.0615,2214,4910.1,2262,3556.3,2528.3,
2019,Unallocated England and Wales,England and Wales (unallocated),10.318,0.462,10.78,14.593,25.373,39.7516323,3.0236008,42.7752331,2914.987658,2957.762891,3852.648992,6544.590476,3968.017913,199752.4606,116571.2723,2244.2,4927.85,2309.85,4460.5,2776.6,
2019,Unallocated Scotland,Scotland (unallocated),3.132,0.099,3.231,3.304,6.535,9.139544,0.5404056,9.6799496,319.4022016,329.0821512,2918.117497,5458.642424,2995.960879,96671.36852,50356.87088,2106.75,4784.2,2148,578.1,1779.1,
2020,K03000001,Great Britain (inc unallocated),24842.33,3738.391,28580.721,2436.059,31016.78,88338.12096,20270.26646,108608.3874,148607.1213,257215.5087,3555.951513,5422.190044,3800.057648,61003.08788,8292.785669,2835.3,4066,2937,6194.3,2998.9,3963.417028
2020,K04000001,England and Wales (inc unallocated),22416.51,3403.311,25819.821,2219.159,28038.98,80144.39608,18427.40552,98571.8016,136029.0434,234600.845,3575.239682,5414.552335,3817.679511,61297.56515,8366.953612,2848.9,4055.6,2952,6132,3013.3,3955.367379
2020,E92000001,England,21072.513,3315.401,24387.914,2078.782,26466.696,75543.29609,17870.7058,93414.00188,124929.0314,218343.0333,3584.921081,5390.209449,3830.339974,60097.22587,8249.72763,2851.4,4038.4,2956.9,6156.9,3017.9,3967.837886
2020,E12000001,North East,1177.5,57.305,1234.805,83.054,1317.859,3665.589409,296.3467338,3961.936143,6408.9085,10370.84464,3113.027099,5171.394012,3208.552073,77165.56096,7869.46452,2580.8,3892.5,2608.9,6444.1,2657.8,3365.670578
2020,E12000002,North West,3070.091,207.738,3277.829,239.314,3517.143,10601.3475,1217.475347,11818.82285,16587.24102,28406.06386,3453.105299,5860.628999,3605.686217,69311.61995,8076.459747,2833.8,4641,2891.5,7110.75,2954.6,3739.106741
2020,E12000003,Yorkshire and The Humber,2270.356,147.281,2417.637,186.688,2604.325,7744.099192,824.0494392,8568.148631,12896.10439,21464.25302,3410.962506,5595.083135,3544.017829,69078.37886,8241.772061,2750,4268.8,2796.4,6823.45,2861.6,3673.622889
2020,E12000004,East Midlands,1523.905,573.793,2097.698,164.515,2262.213,5353.883791,2662.83088,8016.71467,11345.22813,19361.9428,3513.26611,4640.751769,3821.672457,68961.66383,8558.850469,2831.3,3396.5,2963.3,7262.9,3029.6,3932.078936
2020,E12000005,West Midlands,2151.551,340.367,2491.918,202.252,2694.17,7740.688096,1785.281852,9525.969948,12646.78506,22172.75501,3597.724663,5245.167281,3822.746153,62529.83931,8229.901976,2917.4,3915.4,3010.3,6767.15,3073.8,3901.47813
2020,E12000006,East,2046.485,659.249,2705.734,222.719,2928.453,7810.191559,3550.761994,11360.95355,13358.67595,24719.62951,3816.393259,5386.071111,4198.843476,59979.9566,8441.190453,3003.2,3958.9,3174.7,6774.9,3239.7,4374.795113
2020,E12000007,London,3208.224,407.893,3616.117,391.23,4007.347,11061.33449,2073.80224,13135.13673,21042.38097,34177.5177,3447.806167,5084.18198,3632.387097,53785.19277,8528.714309,2653.7,3917.7,2745.4,4688.65,2799.6,3707.402148
2020,E13000001,Inner London,1413.637,129.699,1543.336,226.758,1770.094,4545.065888,681.5341486,5226.600036,12634.92033,17861.52036,3215.157701,5254.737111,3386.560047,55719.84374,10090.71855,2369.8,4019.7,2440.8,4334.2,2509.4,3450.873636
2020,E13000002,Outer London,1794.587,278.194,2072.781,164.472,2237.253,6516.268605,1392.268092,7908.536697,8407.460638,16315.99733,3631.068656,5004.666138,3815.423191,51117.88412,7292.870916,2886.1,3880,2977.9,5223.05,3022.6,3898.942356
2020,E12000008,South East,3370.332,590.614,3960.946,336.042,4296.988,13180.48538,3314.948912,16495.4343,19094.12984,35589.56414,3910.737988,5612.716448,4164.518854,56820.6648,8282.444386,3053,4275,3173.2,6068.8,3230.4,4332.832152
2020,E12000009,South West,2254.069,331.161,2585.23,252.968,2838.198,8385.676664,2145.208399,10530.88506,11549.57752,22080.46259,3720.23956,6477.841288,4073.480914,45656.27876,7779.747075,2938.6,5337.1,3092.2,5747.5,3156,4307.006523
2020,W92000004,Wales,1333.257,87.455,1420.712,125.583,1546.295,4559.140248,553.6300095,5112.770258,8508.501361,13621.27162,3419.550955,6330.455771,3598.737997,67752.01549,8808.973461,2815.7,4894.9,2875.4,5930.7,2939.6,3709.674674
2020,S92000003,Scotland (inc unallocated),2425.82,335.08,2760.9,216.9,2977.8,8193.72488,1842.860939,10036.58582,12578.07787,22614.66369,3377.713466,5499.764052,3635.258727,57990.21609,7594.419937,2712.1,4192.9,2798.5,6856,2864.8,4044.251188
2020,Unallocated Great Britain,Great Britain (unallocated),13.871,0.551,14.422,18.083,32.505,51.4596458,3.5855246,55.0451704,2862.96688,2918.012051,3709.872814,6507.304174,3816.750132,158323.6675,89771.17522,2283,5129.1,2356.6,3085,2502.4,
2020,Unallocated England and Wales,England and Wales (unallocated),10.74,0.455,11.195,14.794,25.989,41.9597451,3.0697141,45.0294592,2591.510642,2636.540102,3906.866397,6746.624396,4022.283091,175173.0865,101448.309,2335.7,5184.1,2414,3915.5,2741.7,
2020,Unallocated Scotland,Scotland (unallocated),3.131,0.096,3.227,3.289,6.516,9.4999007,0.5158105,10.0157112,271.4562378,281.471949,3034.14267,5373.026042,3103.722095,82534.58127,43197.04558,2139.2,4278.95,2190.1,578.1,1798.65,
2021,K03000001,Great Britain (inc unallocated),25215.361,3634.302,28849.663,2447.474,31297.137,84257.30881,18323.74991,102581.0587,156116.5554,258697.6141,3341.50714,5041.889725,3555.710814,63786.80852,8265.855568,2635.6,3707.8,2721.3,7364.35,2798.7,3720.122496
2021,K04000001,England and Wales (inc unallocated),22760.785,3308.063,26068.848,2229.577,28298.425,76478.87063,16641.46,93120.33063,142734.1663,235854.4969,3360.115683,5030.575296,3572.092278,64018.496,8334.54501,2648.2,3698,2735.2,7277,2812,3713.447341
2021,E92000001,England,21401.862,3222.204,24624.066,2086.033,26710.099,72113.74724,16134.3124,88248.05963,130981.6969,219229.7565,3369.508094,5007.228716,3583.813479,62789.84892,8207.747809,2650.7,3682.2,2739.8,7337,2816.6,3725.291891
2021,E12000001,North East,1188.998,55.355,1244.353,83.449,1327.802,3473.95256,277.3371781,3751.289738,6623.853088,10375.14283,2921.748027,5010.155868,3014.650777,79376.06308,7813.772555,2402.7,3685.1,2427.3,7929.5,2488.9,3173.180649
2021,E12000002,North West,3105.19,202.95,3308.14,240.887,3549.027,10097.14818,1109.146618,11206.2948,17254.5536,28460.84839,3251.700597,5465.122532,3387.491096,71629.24358,8019.338369,2644.3,4231.4,2693.5,8487.8,2771.3,3525.810417
2021,E12000003,Yorkshire and The Humber,2294.977,144.336,2439.313,187.081,2626.394,7370.418212,759.6160652,8130.034278,13580.16057,21710.19484,3211.543389,5262.831623,3332.919669,72589.73688,8266.160692,2564.5,3947.05,2605.2,8193.5,2683.3,3468.826465
2021,E12000004,East Midlands,1565.755,553.523,2119.278,164.693,2283.971,5187.890423,2375.476628,7563.367051,12078.80676,19642.17381,3313.347505,4291.559029,3568.841394,73341.34881,8600.010163,2645.2,3094.2,2746.3,8695.6,2826.9,3680.531479
2021,E12000005,West Midlands,2184.459,331.06,2515.519,202.241,2717.76,7394.014602,1609.797608,9003.812211,13357.83302,22361.64523,3384.82645,4862.555452,3579.305984,66049.08509,8227.969073,2720.5,3557.7,2796.5,7982.9,2875.2,3662.143615
2021,E12000006,East,2094.495,640.669,2735.164,223.976,2959.14,7499.546099,3190.073633,10689.61973,13921.63208,24611.25181,3580.598712,4979.285142,3908.218934,62156.80287,8317.028532,2783,3589.8,2924.4,8027.05,3004.4,4091.192727
2021,E12000007,London,3252.982,398.861,3651.843,393.5,4045.343,10521.36127,1892.690038,12414.05131,22089.17857,34503.22988,3234.374267,4745.237159,3399.393487,56135.14248,8529.123458,2454.1,3607,2535.9,5597.25,2607.8,3483.717968
2021,E13000001,Inner London,1432.131,127.822,1559.953,227.177,1787.13,4335.387219,634.3568205,4969.74404,13224.15295,18193.89699,3027.228109,4962.814073,3185.829342,58210.79136,10180.5112,2200.6,3771.75,2268.6,5170.1,2357.4,3257.250896
2021,E13000002,Outer London,1820.851,271.039,2091.89,166.323,2258.213,6185.974051,1258.333218,7444.307269,8865.025617,16309.33289,3397.298324,4642.627879,3558.651396,53300.05842,7222.229651,2663.4,3539.4,2741.9,6270.4,2802,3653.281963
2021,E12000008,South East,3428.109,572.217,4000.326,337.063,4337.389,12601.44977,2990.3238,15591.77357,20055.55673,35647.3303,3675.918639,5225.856275,3897.625736,59500.91446,8218.615001,2834,3906.4,2936.2,7290.7,3010.4,4070.862434
2021,E12000009,South West,2286.897,323.233,2610.13,253.143,2863.273,7967.96612,1929.850829,9897.816949,12020.1225,21917.93945,3484.182331,5970.463502,3792.078153,47483.52709,7654.854933,2719.1,4833,2851.2,6612.5,2933.8,4015.911772
2021,W92000004,Wales,1344.64,85.407,1430.047,126.095,1556.142,4312.824843,504.0536304,4816.878473,9050.287503,13867.16598,3207.419713,5901.783582,3368.335777,71773.56361,8911.247159,2614.7,4464.1,2664.8,6805.6,2743.6,3471.322861
2021,S92000003,Scotland (inc unallocated),2454.576,326.239,2780.815,217.897,2998.712,7778.438183,1682.289909,9460.728092,13382.38915,22843.11724,3168.953898,5156.618028,3402.142211,61416.12389,7617.642921,2520,3838.2,2594.9,8369.58,2675.3,3787.128554
2021,Unallocated Great Britain,Great Britain (unallocated),17.544,0.548,18.092,20.77,38.862,61.6051495,3.6155543,65.2207038,3028.089703,3093.310406,3511.46543,6597.726825,3604.947148,145791.5119,79597.30344,2009.6,4798.2,2063.9,1896.65,2023,
2021,Unallocated England and Wales,England and Wales (unallocated),14.283,0.452,14.735,17.449,32.184,52.2985477,3.0939757,55.3925234,2702.181847,2757.574371,3661.594042,6845.078982,3759.248279,154861.7025,85681.53029,2012.5,5008.45,2078.5,2183.2,2103.8,
2021,Unallocated Scotland,Scotland (unallocated),3.261,0.096,3.357,3.321,6.678,9.306601805,0.5215786,9.828180405,325.9078552,335.7360356,2853.910397,5433.110417,2927.667681,98135.45776,50274.93795,2000.8,4028.35,2032.7,578.1,1723.65,
2022,K03000001,Great Britain (inc unallocated),25512.862,3565.91,29078.772,2458.874,31537.646,77560.94205,16639.38785,94200.32991,155700.15,249900.4799,3040.072182,4666.23887,3239.487895,63321.72776,7923.878654,2398.5,3362.2,2474.8,6873.5,2546.2,3390.829848
2022,K04000001,England and Wales (inc unallocated),23034.832,3248.785,26283.617,2239.835,28523.452,70477.02047,15119.47253,85596.493,142378.1441,227974.6371,3059.58474,4653.885232,3256.648162,63566.35381,7992.5332,2412.2,3352,2489.4,6787.3,2560.5,3387.868581
2022,E92000001,England,21663.859,3163.403,24827.262,2095.868,26923.13,66510.64468,14663.68591,81174.33059,130932.0813,212106.4119,3070.119903,4635.415062,3269.564344,62471.5303,7878.222624,2416.2,3339.4,2495.2,6852.75,2566.2,3400.898003
2022,E12000001,North East,1198.193,53.857,1252.05,83.838,1335.888,3197.728809,252.5640152,3450.292824,6531.147862,9981.440686,2668.792765,4689.529962,2755.714887,77901.99983,7471.764614,2206.2,3376.1,2228.3,7348.6,2284,2906.116666
2022,E12000002,North West,3130.357,199.796,3330.153,241.754,3571.907,9260.396703,1002.113349,10262.51005,17101.8657,27364.37575,2958.255785,5015.682741,3081.693259,70740.77658,7660.998943,2414.8,3798.2,2458.3,7816,2529.7,3210.081963
2022,E12000003,Yorkshire and The Humber,2309.799,140.506,2450.305,187.475,2637.78,6711.760628,681.6329808,7393.393609,13341.03695,20734.43056,2905.776922,4851.273118,3017.33605,71161.68528,7860.560986,2333.1,3534.7,2369.3,7530.7,2440.5,3136.815938
2022,E12000004,East Midlands,1598.536,542.448,2140.984,166.132,2307.116,4801.343505,2122.347021,6923.690526,11907.68161,18831.37214,3003.587973,3912.535434,3233.882423,71676.02638,8162.299659,2407.1,2794.9,2493,7942.9,2566.9,3339.6685
2022,E12000005,West Midlands,2208.9,325.078,2533.978,203.375,2737.353,6791.207078,1457.666175,8248.873253,13250.09498,21498.96823,3074.474661,4484.050519,3255.305789,65151.05089,7853.926121,2477.5,3209.1,2542.7,7333,2613.8,3328.44822
2022,E12000006,East,2136.579,627.108,2763.687,225.381,2989.068,6923.063788,2870.683345,9793.747133,13881.97296,23675.72009,3240.256404,4577.653841,3543.725151,61593.35951,7920.769984,2518.1,3236.3,2642.3,7474.2,2715,3719.616731
2022,E12000007,London,3288.703,391.895,3680.598,394.136,4074.734,9924.069231,1761.348831,11685.41806,22773.86934,34459.2874,3017.624039,4494.440683,3174.869427,57781.75385,8456.818874,2282.8,3369.7,2359.2,5396.7,2427.7,3248.088689
2022,E13000001,Inner London,1446.193,126.047,1572.24,227.215,1799.455,4125.008635,590.1182036,4715.126839,13714.29942,18429.42626,2852.322363,4681.731446,2998.986693,60358.24844,10241.67109,2066.3,3544.7,2131.2,5035.5,2216,3055.36037
2022,E13000002,Outer London,1842.51,265.848,2108.358,166.921,2275.279,5799.060596,1171.230628,6970.291224,9059.569917,16029.86114,3147.369944,4405.64017,3306.028305,54274.59647,7045.228801,2458,3301,2533.3,5944.2,2590,3392.861476
2022,E12000008,South East,3477.578,563.792,4041.37,339.67,4381.04,11600.90836,2742.815244,14343.7236,20193.84394,34537.56755,3335.916077,4864.941758,3549.223062,59451.36145,7883.417533,2565.4,3572.2,2660.9,6881.1,2730.1,3717.769514
2022,E12000009,South West,2315.214,318.923,2634.137,254.107,2888.244,7300.16658,1772.514952,9072.681532,11950.56793,21023.24946,3153.128212,5557.814746,3444.270944,47029.66832,7278.903535,2450.2,4390.3,2566.3,6079.5,2643.3,3647.939757
2022,W92000004,Wales,1355.569,84.841,1440.41,126.123,1566.533,3914.165211,452.8141471,4366.979358,8788.662886,13155.64224,2887.470288,5337.20898,3031.761345,69683.2686,8397.934958,2353.7,3949.9,2398.8,6329.7,2471.3,3125.769524
2022,S92000003,Scotland (inc unallocated),2478.03,317.125,2795.155,219.039,3014.194,7083.921589,1519.915318,8603.836906,13322.00594,21925.84284,2858.69081,4792.795642,3078.125151,60820.24634,7274.197628,2274.9,3488.6,2339.8,7800.8,2414.3,3420.574848
2022,Unallocated Great Britain,Great Britain (unallocated),19.12,0.639,19.759,21.19,40.949,62.14312275,3.4866898,65.62981255,2998.291166,3063.920978,3250.163324,5456.47856,3321.514882,141495.5718,74822.85229,1801.3,3966.5,1856.6,1707.2,1817.8,
2022,Unallocated England and Wales,England and Wales (unallocated),15.404,0.541,15.945,17.844,33.789,52.21057269,2.9724727,55.18304539,2657.399935,2712.58298,3389.41656,5494.404251,3460.836964,148924.0044,80280.06098,1806.4,3950.1,1868.4,1963.7,1890.3,
2022,Unallocated Scotland,Scotland (unallocated),3.716,0.098,3.814,3.346,7.16,9.93255006,0.5142171,10.44676716,340.8912308,351.337998,2672.91444,5247.113265,2739.057986,101880.2244,49069.55279,1784.55,4034.3,1811.6,577.7,1578.8,
2023,K03000001,Great Britain (inc unallocated),25722.018,3517.918,29239.936,2441.692,31681.628,80626.96172,15890.49903,96517.46075,152526.9771,249044.4378,3134.550396,4517.018029,3300.877976,62467.73838,7860.847233,2466.1,3295.1,2533.1,6913,2603.3,3449.174944
2023,K04000001,England and Wales (inc unallocated),23229.867,3204.479,26434.346,2224.895,28659.241,73360.77443,14462.26702,87823.04144,139458.6847,227281.7262,3158.036782,4513.141456,3322.308085,62681.01853,7930.486581,2485.9,3292.3,2553.3,6821.6,2622.9,3451.151897
2023,E92000001,England,21848.714,3119.703,24968.417,2082.685,27051.102,69207.60007,14025.86436,83233.46443,128193.2499,211426.7143,3167.582315,4495.897322,3333.549917,61551.91489,7815.826294,2489.6,3280.7,2558.3,6876.5,2627.8,3462.171863
2023,E12000001,North East,1203.583,53.209,1256.792,83.775,1340.567,3283.517363,237.9889351,3521.506299,6384.024119,9905.530418,2728.118762,4472.71956,2801.980199,76204.40608,7389.060314,2232.8,3266.2,2253.3,7184.9,2309.2,2954.45235
2023,E12000002,North West,3150.649,199.405,3350.054,239.404,3589.458,9694.228509,972.0100871,10666.2386,16530.67175,27196.91035,3076.898921,4874.552228,3183.900497,69049.27134,7576.884964,2494.1,3714,2534,7928.45,2604.1755,3318.179614
2023,E12000003,Yorkshire and The Humber,2324.174,139.038,2463.212,190.542,2653.754,6978.966362,643.3191759,7622.285538,12927.50919,20549.79473,3002.772754,4626.930594,3094.449661,67845.98248,7743.669809,2396.2,3404.95,2427.4,7222.25,2499.1,3216.769086
2023,E12000004,East Midlands,1623.016,533.921,2156.937,163.317,2320.254,5043.329672,2056.666768,7099.99644,11583.65479,18683.65123,3107.381364,3852.005762,3291.703207,70927.42818,8052.416342,2478,2782.9,2545.7,8242.1,2617.4,3395.293375
2023,E12000005,West Midlands,2225.387,320.866,2546.253,199.518,2745.771,7112.914636,1400.75774,8513.672376,12870.159,21383.83137,3196.259633,4365.553657,3343.608186,64506.25506,7787.915079,2565.5,3174.9,2620.9,7664.9,2692,3409.195883
2023,E12000006,East,2164.735,617.06,2781.795,226.79,3008.585,7205.262652,2739.139709,9944.402361,13582.03327,23526.43563,3328.473301,4439.016803,3574.814952,59888.14882,7819.767642,2590.9,3184.85,2693.3,7282.1,2764.7,3749.254387
2023,E12000007,London,3317.995,385.789,3703.784,392.842,4096.626,10221.08841,1679.040382,11900.12879,22741.69906,34641.82785,3080.501449,4352.224614,3212.965116,57890.19265,8456.185126,2339.8,3288.2,2407.7,5361.85,2475.6,3278.537928
2023,E13000001,Inner London,1461.916,124.792,1586.708,226.006,1812.714,4235.30008,567.9873927,4803.287473,13579.13156,18382.41904,2897.088533,4551.472793,3027.203161,60083.05781,10140.82698,2114,3457.5,2174.5,5005.4,2258.8,3080.50552
2023,E13000002,Outer London,1856.079,260.997,2117.076,166.836,2283.912,5985.788326,1111.052989,7096.841315,9162.567497,16259.40881,3224.964199,4256.956934,3352.19015,54919.60666,7119.104769,2524.633,3218.7,2587.6,5870.7,2642.1,3427.675642
2023,E12000008,South East,3506.461,555.907,4062.368,336.783,4399.151,12028.67911,2606.06596,14634.74507,19909.49122,34544.23629,3430.43288,4687.953129,3602.51584,59116.6752,7852.477965,2647,3483.9,2727.9,6870.6,2794.6,3766.702099
2023,E12000009,South West,2332.714,314.508,2647.222,249.714,2896.936,7639.613359,1690.875605,9330.488965,11664.00746,20994.49643,3274.989287,5376.256265,3524.634113,46709.46548,7247.138503,2551.5,4235.1,2657.9,6204.3,2730.5,3718.665593
2023,W92000004,Wales,1359.462,83.976,1443.438,124.038,1567.476,4087.413674,433.0099126,4520.423587,8593.675398,13114.09899,3006.640623,5156.353156,3131.706098,69282.60209,8366.379444,2437.3,3836.45,2479.1,6550.6,2550.4,3213.646902
2023,S92000003,Scotland (inc unallocated),2492.151,313.439,2805.59,216.797,3022.387,7266.187293,1428.232013,8694.419305,13068.29234,21762.71164,2915.628825,4556.650617,3098.962894,60278.93531,7200.504649,2288.5,3329.5,2346.1,7878.4,2422.1,3429.331839
2023,Unallocated Great Britain,Great Britain (unallocated),25.942,0.899,26.841,20.207,47.048,77.40091253,3.870118107,81.27103063,3001.77203,3083.04306,2983.613928,4304.914468,3027.868955,148551.0976,65529.73687,1697.6,3312.1,1732.8,2366.5,1846.05,
2023,Unallocated England and Wales,England and Wales (unallocated),21.691,0.8,22.491,18.172,40.663,65.76068512,3.392744307,69.15342943,2671.759446,2740.912875,3031.703708,4240.930384,3074.715639,147026.1637,67405.57449,1656.3,3312.1,1697.4,1986.4,1761.2,
2023,Unallocated Scotland,Scotland (unallocated),4.251,0.099,4.35,2.035,6.385,11.64022741,0.4773738,12.11760121,330.0125835,342.1301847,2738.232746,4821.957576,2785.655449,162168.3457,53583.42752,1833.3,3662.9,1866,8845.7,2216.2,
